Source,Author,Title,Description,URL,Post_Year,Post_Month,Post_Day,Post_Time,Post
NPR,Kirk Siegler,Trump picks North Dakota Gov. Doug Burgum to lead the Interior Department,Burgum ran in the 2024 Republican presidential primary. He then became a vocal supporter of Preesident-elect Donald Trump and was shortlisted for the GOP vice presidential nomination.,https://www.npr.org/2024/11/14/g-s1-34190/trump-interior-department-doug-burgum-north-dakota-governor,2024,11,15,AM,"President-elect Donald Trump said Thursday night that he will nominate North Dakota Gov. Doug Burgum to be secretary of the Department of the Interior.
""He's going to head the Department of Interior… [+3595 chars]"
Fast Company,Chris Stokel-Walker,How long will Elon Musk and Donald Trump’s lovefest last?,"Two massive egos and two idiosyncratic entrepreneurs have joined forces. That’s not always a recipe for success.

The bromance between Donald Trump and Elon Musk is one of the strangest outcomes of the 2024 presidential election cycle, with Musk stumping for …",https://www.fastcompany.com/91228113/how-long-will-elon-musk-and-donald-trumps-lovefest-last,2024,11,13,PM,"The bromance between Donald Trump and Elon Musk is one of the strangest outcomes of the 2024 presidential election cycle, with Musk stumping for Trump on the latters successful presidential campaign,… [+2447 chars]"
BBC News,,How US election fraud claims changed as Trump won,Both Trump fans and Harris supporters baselessly claimed large-scale voter fraud in Tuesday's election.,https://www.bbc.com/news/articles/cy9j8r8gg0do,2024,11,9,AM,"In the build-up to Tuesdays US election, claims of voter fraud flooded social media - but as Donald Trumps victory crystallised, the chatter largely subsided.
The claims didnt stop entirely, however… [+6651 chars]"
BBC News,,Meet the DIY group for men fixing loneliness and loss,Group that focuses on DIY projects is oversubscribed by men of all ages who want to avoid loneliness.,https://www.bbc.com/news/articles/c1wje3lnw4lo,2024,11,2,AM,"Stuart Gregory (left) and Bob Miles (right) were two of Wharfedale Men's Shed founder members in 2018 
""I don't know where I'd be if I hadn't come to The Shed,"" 72-year-old Bob Emblin reflects. ""Thi… [+5632 chars]"
Business Insider,Madeline Berg,Sam Altman is getting into the transition team game — for San Francisco's newly elected mayor,OpenAI CEO Sam Altman has been chosen to cochair the transition team for for San Francisco mayor-elect Daniel Lurie.,https://www.businessinsider.com/sam-altman-tapped-san-francisco-mayor-daniel-lurie-transition-team-2024-11,2024,11,18,PM,"Sam Altman has been tapped to cochair San Francisco's mayor-elect's transition team.Mike Coppola/Getty Images
<ul><li>Sam Altman has been tapped to cochair the transition team for San Francisco's ma… [+3105 chars]"
Time,J. Jacob Calhoun / Made by History,What Democrats Can Learn from America’s First Black Voters,"After the Civil War, Black voters faced danger and violence—and they fought for political power against all odds.",https://time.com/7176913/first-black-voters/,2024,11,15,PM,"Following Kamala Harris defeat and the GOPs congressional successes in the 2024 elections, many Democrats are expressing not only rage and frustration, but fear. Donald Trumps return to the presidenc… [+8045 chars]"
NPR,Jeongyoon Han,Vice presidents often run for president. Making it there has been a leap,"While the office of vice president is the second-highest position in the government, making it to the Oval Office has historically been a leap.",https://www.npr.org/2024/11/04/g-s1-31927/vice-presidents-run-president-history,2024,11,5,AM,"Kamala Harris joins a list of vice presidents who have set their sights on the presidency. But making it to the highest position in the government has been a different story. 
Vice presidents are pr… [+3421 chars]"
NPR,Rachel Treisman,Trump is hoping to win non-consecutive terms. Only one president has done it,"If reelected, Trump would only be the second president to serve non-consecutive terms after Grover Cleveland in the late 1800s. Here's a look at how that happened — and who else has tried.",https://www.npr.org/2024/11/04/g-s1-32048/grover-cleveland-trump-non-consecutive-terms,2024,11,4,PM,"If Trump wins reelection, he would be the second president in U.S. history to serve non-consecutive terms.
The first was Grover Cleveland, who did two stints in the White House from 1885-1889 and 18… [+3721 chars]"
NPR,The Associated Press,Puerto Rico holds general election that promises to be historic,Puerto Rico is holding elections that will be historic regardless of which of the top two gubernatorial candidates wins.,https://www.npr.org/2024/11/05/g-s1-32338/puerto-rico-holds-general-election,2024,11,5,AM,"SAN JUAN, Puerto Rico Puerto Rico is holding elections that will be historic regardless of which of the top two gubernatorial candidates wins.
If Jenniffer González of the pro-statehood New Progress… [+3055 chars]"
NPR,Claudia Grisales,The next Congress will face an urgent to-do list. But how productive will it be?,"The 118th Congress is on track to be the least productive in modern history. If Washington enters a new season of divided government next year, as seems likely, Congress could get even less done.",https://www.npr.org/2024/11/06/g-s1-33023/congress-productivity-debt-taxes-immigration,2024,11,6,PM,"With the 118th Congress on track to be the least productive in modern history, lawmakers next year will face a new, low bar.
As of November, just 106 laws were enacted, less than a third of the 365 … [+2519 chars]"
NPR,Juliana Kim,"13 states will have women governors next year, a new record",Republican Kelly Ayotte's victory in New Hampshire will bring the total number of women holding governor’s offices to 13 — surpassing the previous high of 12 set in 2023.,https://www.npr.org/2024/11/09/g-s1-33583/new-record-women-governors-kelly-ayotte,2024,11,9,PM,"A record number of women will serve as state governors next year building on the historic gains made during the 2022 elections.
The new record came after Republican Kelly Ayotte, a former U.S. senat… [+3328 chars]"
Business Insider,Erin Snodgrass,Peter Thiel says Elon Musk's embrace of Donald Trump helped other Silicon Valley leaders feel safe supporting him,Billionaire Peter Thiel credited Elon Musk's public support of Donald Trump with helping other tech leaders feel safe embracing the president-elect.,https://www.businessinsider.com/peter-thiel-elon-musk-turn-donald-trump-other-tech-ceos-2024-11,2024,11,15,AM,"Peter Thiel credited Elon Musk with helping other tech leaders feel safe supporting Donald Trump.Getty Images
<ul><li>Peter Thiel attributed recent Trump support in Silicon Valley, in part, to Elon … [+3597 chars]"
ABC News,"Malka Abramoff, Doc Louallen",Exploring Trump-Musk bromance: Can the two powerful personalities stay connected?,What we know about Elon Musk’s ‘Department Of Government Efficiency’ and bromance with Donald Trump.,https://abcnews.go.com/Politics/exploring-trump-musk-bromance-powerful-personalities/story?id=115812951,2024,11,14,PM,"President-elect Donald Trump and billionaire Elon Musk have formed a close bond as Trump campaigned for the presidency in 2024.
Musk showed continued support to Trump leading up to Election Day and,… [+3807 chars]"
Rolling Stone,Andrew Perez,Why Democratic Turnout Cratered — And Why It Won’t Be Easy to Fix,"Michael Podhorzer, an expert in data-driven politics, explains why so many Biden voters failed to turn out for Harris in the 2024 election.",http://www.rollingstone.com/politics/politics-features/harris-trump-biden-why-democratic-turnout-cratered-1235164354/,2024,11,13,PM,"In the days following Donald Trump’s 2024 election win, Democratic politicians, journalists, and pundits have been searching for potential explanations for Vice President Kamala Harris’ defeat. We ha… [+17895 chars]"
Openculture.com,Colin Marshall,Bertrand Russell’s Ten Commandments for Living Virtuously (1930),"Image by J. F. Horrabin, via Wikimedia Commons Bertrand Russell may have lived his long life concerned with big topics in logic, mathematics, politics, and society, but that didn’t keep him from thinking seriously about how to handle his own day-to-day relati…",https://www.openculture.com/?p=1120811,2024,11,18,AM,"Image by J. F. Horra­bin, via Wiki­me­dia Com­mons
Bertrand Rus­sell may have lived his long life con­cerned with big top­ics in log­ic, math­e­mat­ics, pol­i­tics, and soci­ety, but that did­nt kee… [+4268 chars]"
The Verge,Kylie Robison,Inside Elon Musk’s messy breakup with OpenAI,Elon Musk’s lawsuit against OpenAI reveals the startup’s turbulent origins and internal power struggles.,https://www.theverge.com/2024/11/18/24299787/elon-musk-openai-lawsuit-sam-altman-xai-google-deepmind,2024,11,18,PM,"Image: Cath Virginia / The Verge, Getty Images

 


 Emails in Musk’s lawsuit against OpenAI expose the startup’s rocky origins. As OpenAI was ironing out a new deal with Microsoft in 2016 — one tha… [+13685 chars]"
Al Jazeera English,Brian Osgood,What have Trump administration nominees said about Israel and its wars?,"While pro-Israel views are common in US politics, Trump's picks signal support for far-right Israeli aspirations.",https://www.aljazeera.com/news/2024/11/17/what-have-trump-administration-nominees-said-about-israel-and-its-wars,2024,11,17,AM,"During the final weeks of the 2024 United States presidential race, former President Donald Trump spoke with sympathy to Arab American and Muslim voters enraged by the countrys support for Israels wa… [+14584 chars]"
HYPEBEAST,info@hypebeast.com (Hypebeast),Yale University To Offer New Course on Beyoncé's Cultural Impact,"Yale University is set to offer a new course that will study and dissect Beyoncé's impact on culture.African American Studies and music professor Daphne Brooks will teach “Beyoncé Makes History: Black Radical Tradition History, Culture, Theory & Politics thro…",https://hypebeast.com/2024/11/yale-university-beyonce-cultural-impact-spring-2025-course,2024,11,12,AM,"Yale University is set to offer a new course that will study and dissect Beyoncé‘s impact on culture.
African American Studies and music professor Daphne Brooks will teach Beyoncé Makes History: Bla… [+1505 chars]"
Al Jazeera English,,Is the growing power of Big Tech a threat to democracy?,Nobel Prize laureate Maria Ressa and former Greek Finance Minister Yanis Varoufakis discuss Big Tech in politics.,https://www.aljazeera.com/program/upfront/2024/11/22/is-the-growing-power-of-big-tech-a-threat-to-democracy,2024,11,22,PM,"Nobel Prize laureate Maria Ressa and former Greek finance minister Yanis Varoufakis discuss Big Tech in politics.As President-elect Donald Trump picks his new government, Elon Musk, one of his most p… [+731 chars]"
Time,JILL LAWLESS / AP,"Kemi Badenoch Becomes New Leader of the U.K. Conservatives, the First Black Woman to Head a Major British Party",Britain’s Conservative Party on Saturday elected Kemi Badenoch as its new leader as it tries to rebound from a crushing election defeat.,https://time.com/7171606/kemi-badenoch-new-leader-uk-conservatives/,2024,11,2,PM,"LONDON Britains Conservative Party on Saturday elected Kemi Badenoch as its new leader as it tries to rebound from a crushing election defeat that ended 14 years in power.
The first Black woman to l… [+4166 chars]"
Time,Dominique Browning,Giving Up on Climate Action in a Second Trump Term Isn’t an Option,"""People did not vote to destroy the stability of our planetary climate,"" writes Dominique Browning.",https://time.com/7174164/fighting-climate-change-trump-2024-essay/,2024,11,8,PM,"On Tuesday night, as election results poured in, I sat on a rock on the coast of Rhode Island and watched the moon set. As a mother, grandmother, and climate activist, I felt despair and grief.
Clim… [+5066 chars]"
Time,Evens Sanon / AP,Haiti Replaces Its Interim Prime Minister Amid Tumultuous Democratization Process,"A transitionary council created to reestablish democratic order in Haiti fired interim Prime Minister Garry Conille, replacing him with Alix Didier Fils-Aimé, a businessman previously considered for the job.",https://time.com/7174781/haiti-interim-prime-minister-garry-conille-alix-didier-fils-aime/,2024,11,11,AM,PORT-AU-PRINCE A transitionary council created to reestablish democratic order in Haiti signed a decree Sunday firing interim Prime Minister Garry Conille and replacing him with Alix Didier Fils-Aimé… [+2211 chars]
Slickdeals.net,phoinix,The Righteous Mind: Why Good People Are Divided by Politics & Religion (eBook) $2,"Various Digital Retailers have *The Righteous Mind: Why Good People Are Divided by Politics & Religion* (Kindle eBook) on sale for *$1.99*. 
 
Thanks to Deal Hunter *phoinix* for finding this deal. 
...",https://slickdeals.net/f/17876178-the-righteous-mind-why-good-people-are-divided-by-politics-and-religion-ebook-by-jonathan-haidt-1-99?utm_source=rss&utm_content=fp&utm_medium=RSS2,2024,11,10,AM,"This collaborative space allows users to contribute additional information, tips, and insights to enhance the original deal post. Feel free to share your knowledge and help fellow shoppers make infor… [+26 chars]"
TMZ,TMZ Staff,Rep. Nicole Malliotakis Calls Out Whoopi Goldberg With Sweet Treat Protest,Rep. Nicole Malliotakis is standing by Holtermann’s Bakery a week after Whoopi Goldberg accused the Staten Island institution of snubbing her order based on her politics. The Republican congressman made a show of support for the 146-year-old…,https://www.tmz.com/2024/11/21/rep-nicole-malliotakis-calls-out-whoopi-goldberg-over-bakery-claims/,2024,11,21,PM,"Rep. Nicole Malliotakis is standing by Holtermanns Bakery a week after Whoopi Goldbergaccused the Staten Island institution of snubbing her order based on her politics.
The Republican congressman ma… [+1388 chars]"
The New York Review of Books,Jonathan Freedland,A Feigned Reluctance,"Rory Stewart, in his recent memoir, observes with detachment what is ludicrous in politics—even when he’s near the center of it.",https://www.nybooks.com/articles/2024/12/05/a-feigned-reluctance-how-not-to-be-a-politician-rory-stewart/,2024,11,14,PM,"The age of nationalist populism is the age of the antipolitician, a type we have come to recognize. The exemplar is of course the newly reelected Donald Trump, but the likes of Jair Bolsonaro, Javier… [+25722 chars]"
IndieWire,Erin Strecker,‘Dune: Prophecy’ Showrunner Explains How They Expanded the World: ‘Freedom to Carve Our Own Territory’,"""It's tremendously satisfying to be in a universe where women are taken seriously when it comes to power and politics, and driving the story,"" “Dune: Prophecy” showrunner Alison Schapker tells IW.",https://www.indiewire.com/features/interviews/dune-prophecy-showrunner-expanded-world-building-sex-episode-1-1235066316/,2024,11,18,PM,Frank Herbert’s 1965 novel “Dune” and its many sequels have long been a staple for science fiction fans. With Denis Villeneuve’s recent silver screen adaptation of the novel with 2021’s “Dune” and 20… [+9422 chars]
The Atlantic,Kim Ghattas,The Greatest Opportunity That Wasn’t,Chaos is the only likely winner in the Middle East.,https://www.theatlantic.com/international/archive/2024/11/middle-east-wars-opportunities/680497/,2024,11,2,AM,"Opportunity appears to be the word of the year in the Middle East. War has brought death and devastation to Gaza and Lebanon, but various players still see within it a big chance worth seizing: to en… [+7706 chars]"
BBC News,,Return of unpredictable president puts UK defence spending top of agenda,"Politicians say we're living in dangerous times, and Trump is a lot less willing than Biden to pay for Europe's defence.",https://www.bbc.com/news/articles/c9vnd17v2vmo,2024,11,9,PM,"Youre probably used to politicians telling you were living in the most dangerous times for decades.
But whos going to pay for our protection?
Donald Trump is a lot less willing than the current pre… [+7597 chars]"
BBC News,,Why massive sex tape leak could be a ploy for power in Equatorial Guinea,"Dozens of videos involving a senior civil servant have flooded social media, shocking people in the central African country.",https://www.bbc.com/news/articles/cr4ledr19nyo,2024,11,10,AM,"Baltasar Ebang Engonga was detained on suspicion of corruption before the videos were leaked
What the rest of the world sees as a sex tape scandal could in fact be the latest episode in the real-lif… [+8023 chars]"
NPR,Elena Moore,"For the formerly incarcerated, voting for the first time is also about those who can't","Casting a ballot after serving in prison comes with joy and pain for the formerly incarcerated, particularly because not everyone has their rights restored after completing their sentence.",https://www.npr.org/2024/11/03/nx-s1-5164578/formerly-incarcerated-voters-first-time-criminal-justice-harris-trump-2024-election,2024,11,3,AM,"As he waited for an open voting booth, Craig Muhammad looked down at the unmarked ballot in his hands.
I did 42 years in prison. Why am I shaking? he asked, letting out a small laugh.
Muhammad has … [+7690 chars]"
Quartz India,William Gavin,"Donald Trump and Elon Musk's DOGE, bracing for tariffs, and no Jamie Dimon: Politics news roundup","President-elect Donald Trump is set to take office in a matter of months after handily defeating his rival at the ballot box. Here’s the latest on what that means for consumers, federal agencies, corporate America, and — of course — Elon Musk. Read more...",https://qz.com/donald-trump-elon-musk-doge-jamie-dimon-tariffs-tesla-1851699177,2024,11,15,AM,"President-elect Donald Trump is set to take office in a matter of months after handily defeating his rival at the ballot box. Heres the latest on what that means for consumers, federal agencies, corp… [+38 chars]"
The Atlantic,The Atlantic,The Atlantic’s December Cover Story: David Brooks on How the Ivy League Broke America,"Trust in our current meritocratic system has plummeted, with large masses of voters turning instead to populist leaders including Donald Trump. Our elite-education system has a lot to answer for, Brooks argues. We need a new set of meritocratic values.",https://www.theatlantic.com/press-releases/archive/2024/11/atlantic-cover-story-david-brooks-ivy-league/680644/,2024,11,14,PM,"For The Atlantic’s December cover story, “How the Ivy League Broke America,” contributing writer David Brooks argues that America’s meritocratic system is not working, and that we need something new.… [+4405 chars]"
The New Yorker,Lauren Michele Jackson,The Naïveté Behind Post-Election Despair,Lauren Michele Jackson on the naïveté behind post-election despair following Donald Trump’s win in the 2024 Presidential election.,https://www.newyorker.com/news/our-columnists/the-naivete-behind-post-election-despair,2024,11,15,AM,"A postmortem is meant to make sense of tragic occurrences and yet, at bottom, it is designed to soothe. What went wrong? is a perfectly sane response to something gone wrong, and the postmortem helps… [+9031 chars]"
Flowingdata.com,Nathan Yau,Participation in the annual United Nations climate conference,"For the New York Times, Mira Rojanasakul visualized annual participation in the United Nations Climate Change Conference, which has been running every year since 1995. If you think of the numbers a…",https://flowingdata.com/2024/11/18/participation-in-the-annual-united-nations-climate-conference/,2024,11,18,AM,"For the New York Times, Mira Rojanasakul visualized annual participation in the United Nations Climate Change Conference, which has been running every year since 1995. 
If you think of the numbers a… [+165 chars]"
The Atlantic,Chuck Todd,Jeff Bezos Is Blaming the Victim,"Instead of defending his reporters against bad-faith attacks, the Washington Post owner fell victim to a long-standing campaign to discredit the press.",https://www.theatlantic.com/ideas/archive/2024/11/jeff-bezos-washington-post-nonendorsement/680470/,2024,11,1,AM,What happens when the owner of one of the most important news organizations in the country decides that the journalists are the problem? That’s the question I keep asking myself in response to Jeff B… [+8849 chars]
Nakedcapitalism.com,Yves Smith,What Is Politics & What Is the Political?,An effort to get at the root of what politics is meant to achieve.,https://www.nakedcapitalism.com/2024/11/what-is-politics-what-is-the-political.html,2024,11,21,AM,"Yves here. We published a piece, Populism and State Power, by Tony Lynch earlier this year. His latest offering reflects some deep thinking about what the fundamental essence of politics really is.
… [+24657 chars]"
BBC News,,BBC's Glenn Campbell: I want to show what it’s like living with a brain tumour,BBC Scotland's political editor was diagnosed with an incurable cancer after having a seizure.,https://www.bbc.com/news/articles/cwy9xm239lgo,2024,11,19,PM,"Warning: This video contains scenes which some viewers may find distressing
As I waited for brain surgery, I instinctively pressed record on my phone camera, thinking I might be documenting the fina… [+7675 chars]"
BBC News,,'We are dying every moment' - the Afghans risking their lives to reach UK,Afghans and a people smuggler tell the BBC about the treacherous route they take to try to get out.,https://www.bbc.com/news/articles/c2l9gg4yd75o,2024,11,16,AM,"Afghans wait to attempt to cross into Turkey, in a still from a video sent to the BBC by a people smuggler
The first time Azaan made the jump across the wall, he broke his arm.
Braving the 20ft (6m… [+9675 chars]"
BBC News,,John Prescott: Political bruiser who played vital role in Labour comeback,"As deputy prime minister for 10 years, he was part of the team that won three successive elections,",https://www.bbc.com/news/articles/c7221mz2gldo,2024,11,21,AM,"Former deputy PM Lord Prescott dies aged 86
John Prescott was an old-style political bruiser who played a vital role in the New Labour project.
He scorned what he called ""the beautiful people"" - th… [+10147 chars]"
kottke.org,Aaron Cohen,Less Uniform Social Media Experiences,"In the MIT Technology Review, Mat Honan makes two points about changes in the world of social media with both Bluesky and Threads",https://kottke.org/24/11/less-uniform-social-media-experiences,2024,11,18,PM,"In the MIT Technology Review, Mat Honan makes two points about changes in the world of social media with both Bluesky and Threads seeing massive growth in November accelerated by the election and peo… [+1381 chars]"
BBC News,,BBC reporters on story of the night in swing states,"In all but two swing states, the race is still close and voters are feeling buoyant - or downcast.",https://www.bbc.com/news/articles/c36pxnd9y0xo,2024,11,6,AM,"Seven battleground states are expected to decide who will be the next US president - former President Donald Trump or Vice-President Kamala Harris.
Trump has been projected to have won three - North… [+9429 chars]"
BBC News,,'We shouldn't need to face racist attacks in 2024',The organisation Love Music Hate Racism is set to relaunch across the country including Coventry.,https://www.bbc.com/news/articles/crkdggyk8gjo,2024,11,9,AM,"The Specials played an anti-racism gig at Coventry's Butts Stadium
""We shouldn't be having this conversation about racism and racist attacks almost 50 years on."" 
Lynval Golding, founding member of… [+8162 chars]"
BBC News,,"'Adult crime, adult time': Row as Australian state locks up 10-year-olds again","Most children jailed in the Northern Territory are Aboriginal, and the new government is reducing the age that can happen.",https://www.bbc.com/news/articles/c170n974091o,2024,11,8,PM,"A protest was held outside the Northern Territory's parliament in Darwin as MPs debated lowering the age of criminal responsibility to 10
'Thomas' - not his real name - was 13 years old when he bega… [+9901 chars]"
Techdirt,Tim Cushing,"Ohio Law Enforcement Officer Tells Democrats He Won’t Render Aid To Them, Blames Posts On His Sleep Medication","Always great to see another law enforcement officer weaponize his job by letting his politics motivate his actions. We recently saw this in Ohio, when Sheriff Bruce Zuchowski sent out a Facebook post telling residents to write down the addresses of people wit…",https://www.techdirt.com/2024/11/13/ohio-law-enforcement-officer-tells-democrats-he-wont-render-aid-to-them-blames-posts-on-his-sleep-medication/,2024,11,13,PM,"from the protecting-and-serving-Republicans-only dept
Always great to see another law enforcement officer weaponize his job by letting his politics motivate his actions. We recently saw this in Ohio… [+3578 chars]"
Business Insider,"tspirlet@insider.com (Thibault Spirlet,Mia Jankowicz)","Trump's Pentagon pick criticized US involvement in Ukraine, said Putin probably wouldn't go 'much further' if he wins","Trump has appointed Pete Hegseth as his defense secretary. On a podcast last week, Hegseth said he didn't want US intervention forcing Putin's hand.",https://www.businessinsider.com/trump-pentagon-pick-pete-hegseth-criticized-us-involvement-ukraine-aid-2024-11,2024,11,13,PM,"President-elect Donald Trump announced Pete Hegseth, a military veteran and Fox News host, as his pick for defense secretary on Tuesday in a move that came as a surprise to many onlookers.
The choic… [+4136 chars]"
Business Insider,jfaris@businessinsider.com (James Faris),BlackRock's Gargi Chaudhuri shares how to invest as ETF inflows soar to records ahead of a promising 2025,BlackRock's Gargi Chaudhuri is optimistic about economic growth ahead of 2025. Here's where investors should put their money during a major rally.,https://www.businessinsider.com/how-to-invest-2025-stock-market-outlook-strategy-blackrock-chaudhuri-2024-11,2024,11,15,AM,"Investors have poured money into the market at an unprecedented pace since Donald Trump's victory, though a veteran investment chief believes there's much more than politics at play.
Inflows into ex… [+5159 chars]"
Techdirt,Dark Helmet,"OK State Superintendent Ryan Walters Wants Even More Bibles, Prayers For The Dear Leader","Whatever your politics, there can be no arguing that the election of Donald Trump once more to the highest office in the land has served as a permission slip for some of the worst people in the country to behave badly. We’re already seeing this in all sorts o…",https://www.techdirt.com/2024/11/19/ok-state-superintendent-ryan-walters-wants-even-more-bibles-prayers-for-the-dear-leader/,2024,11,19,PM,"from the holy-shit dept
Whatever your politics, there can be no arguing that the election of Donald Trump once more to the highest office in the land has served as a permission slip for some of the … [+6525 chars]"
The-express.com,,'Peaceful silence' sweeps USA as divided loved ones refuse to discuss politics...,"'Peaceful silence' sweeps USA as divided loved ones refuse to discuss politics...

 
 
 
 (First column, 1st story, link)

 

 

 
 Related stories:GLADIATOR II: Perfect film for declining empire...",https://www.the-express.com/news/154957,2024,11,17,PM,Oops. Our website is temporarily unavailable in your location. We are working hard to get it back online.
Techdirt,Daily Deal,Daily Deal: The 2024 Business & Leadership Skills Bundle,"The 2024 Business & Leadership Skills Bundle has 5 courses to help you learn skills you need to advance your career. Courses cover strategic planning, leadership styles, marketing communications, the art of professional poise and politeness, office politics, …",https://www.techdirt.com/2024/11/07/daily-deal-the-2024-business-leadership-skills-bundle/,2024,11,7,PM,"from the good-deals-on-cool-stuff dept
The 2024 Business &amp; Leadership Skills Bundle has 5 courses to help you learn skills you need to advance your career. Courses cover strategic planning, lead… [+372 chars]"
IndieWire,Chris O'Falt,Jon M. Chu Embraced the Politics of ‘Wicked’ and Audiences Seeing It Through a Post-Election Lens,"What ""Wicked"" has to say about gaslighting leaders, fascism, scapegoating entire races of people, and American resilience is something Chu thought a great deal about, so he's not surprised its timelessness speaks to this moment.",https://www.indiewire.com/features/interviews/director-jon-m-chu-wicked-politics-trump-election-1235068371/,2024,11,21,PM,"As “Wicked” gets ready to take theaters by storm this weekend, many online are pointing to the Hollywood adaptation of the hit broadway musical as having an added political significance just 18 days … [+6317 chars]"
IndieWire,Erin Strecker,FX’s ‘Say Nothing’ Is Worth Your Time: ‘Trying to Show Both the Seduction and the Cost of Radical Politics’,"""Following people who are pushing themselves to extremes in service of some deeply felt belief is really worth exploring,"" creator Joshua Zetumer tells IndieWire about Hulu's powerful new series.",https://www.indiewire.com/features/interviews/say-nothing-creator-interview-true-story-based-book-screen-1235063812/,2024,11,18,PM,"[Editor’s note: This interview contains spoilers for the ending of “Say Nothing.”]
When Patrick Radden Keefe’s book “Say Nothing” was released in 2018, it was an instant non-fiction hit, the kind of… [+11325 chars]"
Biztoc.com,economist.com,The world this week: Politics,"Donald Trump won America’s presidential election, handily beating Kamala Harris and becoming the first Republican to win the popular vote since 2004. He won all the crucial states that decided the election, including Michigan, Pennsylvania and Wisconsin. Iowa…",https://biztoc.com/x/c9b36282c87ce3f2,2024,11,7,PM,"Donald Trump won Americas presidential election, handily beating Kamala Harris and becoming the first Republican to win the popular vote since 2004. He won all the crucial states that decided the ele… [+139 chars]"
ABC News,Oren Oppenheim,Dan Osborn launches group for working-class candidates after Nebraska Senate run,"Dan Osborn, who ran an unusually competitive U.S. Senate campaign in deep-red Nebraska as an independent, is launching a new political action committee.",https://abcnews.go.com/Politics/nebraska-independent-dan-osborn-launches-group-working-class/story?id=115973838,2024,11,19,AM,"Dan Osborn, a former union president and Navy veteran who ran an unusually competitive U.S. Senate campaign in deep-red Nebraska as an independent, is launching a new political action committee meant… [+5325 chars]"
The-express.com,,'Peaceful silence' sweeps USA as divided loved ones refuse to discuss politics...,"'Peaceful silence' sweeps USA as divided loved ones refuse to discuss politics...

 
 
 
 (First column, 1st story, link)

 

 

 
 Related stories:GLADIATOR II: Perfect film for declining empire...",https://www.the-express.com/news/politics/154957/donald-trump-us-election-kamala-harris,2024,11,16,PM,Oops. Our website is temporarily unavailable in your location. We are working hard to get it back online.
Forbes,"Dr. Ella F. Washington, Forbes Books Author, 
 Dr. Ella F. Washington, Forbes Books Author
 https://www.forbes.com/sites/forbesbooksauthors/people/dr_ella_f_washington/",Managing Workplace Politics Without Losing Yourself,"Workplace politics often include unspoken guidelines that one is expected to adhere to but are seldom formally taught, and dealing with them can make you feel lost.",https://www.forbes.com/sites/forbesbooksauthors/2024/11/14/managing-workplace-politics-without-losing-yourself/,2024,11,14,PM,"Its easy to lose yourself when you dont understand who you are.
getty
Throughout my career, Ive witnessed firsthand the subtle and overt complexities of navigating workplace politics and power dyna… [+4212 chars]"
Vox,"Eric Levitz, Christian Paz","What counts as a landslide? Your biggest election questions, answered.","With just days until the 2024 presidential election, there’s still a lot of uncertainty. But Vox is here to help you navigate through it. Last week, we asked for your lingering questions about the upcoming election. We then turned to senior correspondent Eric…",https://www.vox.com/politics/381791/harris-trump-election-day-questions-answered,2024,11,1,PM,"With just days until the 2024 presidential election, theres still a lot of uncertainty. But Vox is here to help you navigate through it.
Last week, we asked for your lingering questions about the up… [+11325 chars]"
Vox,"Aja Romano, Anna North","The new Jeffrey Epstein tapes and his friendship with Trump, explained","In media and politics, timing is everything — which leaves many people wondering why journalist and author Michael Wolff waited until mere days before the presidential election to drop a bombshell: what he says are recordings of Jeffrey Epstein discussing his…",https://www.vox.com/culture/382550/jeffrey-epstein-tapes-donald-trump-friendship,2024,11,5,PM,"In media and politics, timing is everything which leaves many people wondering why journalist and author Michael Wolff waited until mere days before the presidential election to drop a bombshell: wha… [+11265 chars]"
ABC News,"T. Michelle Murphy, John Parkinson, Lauren Peller",Republican to introduce transgender bathroom ban at the US Capitol,The bill would come as Rep.-elect Sarah McBride prepares to take office as the first transgender member of Congress.,https://abcnews.go.com/US/republican-introduce-bathroom-bill-banning-transgender/story?id=115989977,2024,11,19,AM,"Rep. Nancy Mace, Republican of South Carolina, said on Monday that she will be introducing a measure to ban transgender women from using biological womens restrooms at the U.S. Capitol.
Her announce… [+2037 chars]"
ABC News,"Alex Presha, Michelle Stoddart",Biden makes historic visit to the Amazon rainforest,President Joe Biden made a historic visit to the Amazon on Sunday and made a call for future generations to protect the wildlife in the region.,https://abcnews.go.com/Politics/biden-makes-historic-visit-amazon-rainforest/story?id=115951084,2024,11,17,PM,"President Joe Biden made a historic visit to the Amazon on Sunday and made a call for future generations to protect the wildlife in the region.
""Today, I'm proud to be here, the first sitting U.S. p… [+2460 chars]"
Project Syndicate,Nadia Calviño,Climate Action Must Rise Above Politics,"This year’s many elections, not least the heated US presidential race, have drawn attention away from the United Nations Climate Change Conference (COP29) in Baku. But global leaders must continue to focus on combating the climate crisis and accelerating the …",https://www.project-syndicate.org/commentary/cop29-climate-action-must-rise-above-politics-mobilize-more-green-finance-by-nadia-calvino-2024-11,2024,11,11,PM,"This years many elections, not least the heated US presidential race, have drawn attention away from the United Nations Climate Change Conference (COP29) in Baku. But global leaders must continue to … [+5491 chars]"
ABC News,ABC NEWS,WaPo editor on how the 2024 election will be remembered,"Mary Jordan, an associate editor at The Washington Post and author of “The Art of Her Deal: The Untold Story of Melania Trump,"" talks about the 2024 election.",https://abcnews.go.com/US/washington-post-editor-2024-presidential-election-remembered/story?id=115565775,2024,11,7,PM,"Mary Jordan, associate editor at the Washington Post, sat down with ABC News to discuss Donald Trump's historic victory and what Melania Trump's second term as first lady might look like.
Jordan, th… [+4326 chars]"
NPR,Zane Irwin,Democrats in Kansas hope to end GOP supermajority,"Abortion restrictions, taxes and everyday issues are among the laws Kansas Republicans have imposed through their ""supermajority"" in the Legislature. Democrats aim to end its reign.",https://www.npr.org/2024/11/12/nx-s1-5100906/democrats-in-kansas-hope-to-end-republicans-reign-in-the-state-legislature,2024,11,12,PM,"JUANA SUMMERS, HOST: 
 While Congress is too divided to pass many laws, nearly all state legislatures are controlled by one party or the other. They've been passing laws on abortion, guns and other … [+4699 chars]"
NPR,Dana Ferguson,MINN GOP TRIES FOR DIVIDED GOVERNMENT:,State house elections this fall will determine whether Minnesota continues to pass progressive laws on abortion and health care or if the GOP can stem the trend led by Gov. Tim Walz.,https://www.npr.org/2024/11/12/nx-s1-5114271/minnesota-gop-aims-to-undo-walzs-progressive-policies-ahead-of-state-house-election,2024,11,12,PM,"SCOTT SIMON, HOST: 
 Minnesota is one of a handful of states where control of the state legislature hangs in the balance during this year's elections. Democrats have held the governor's office and m… [+4921 chars]"
NPR,Ryland Barton,"Outspent 4-to-1, Republicans still made gains in state legislative elections","Despite outspending Republicans, Democrats didn't achieve some ambitious goals in state legislative races. The GOP continues to control more legislatures, though Democrats notched some victories.",https://www.npr.org/2024/11/15/nx-s1-5191885/legislature-election-results-2024,2024,11,15,AM,"Up and down the ballot, Republicans had a good election. They'll continue to control more legislatures than Democrats 27 to 17 a trend that dates back to 2010 elections when Republicans made a concer… [+4425 chars]"
ABC News,"Aaron Katersky, Julia Reinstein",Judge sets trial date in Sarah Palin's libel case against The New York Times,"A federal judge in New York on Tuesday set a trial date for April 14 in the libel lawsuit Sarah Palin, the former Alaska governor, brought against The New York Times.",https://abcnews.go.com/US/judge-decide-new-trial-date-sarah-palins-libel/story?id=115741495,2024,11,12,PM,"A federal judge in New York on Tuesday set a trial date for April 14 in the libel lawsuit that Sarah Palin, the former Alaska governor and Republican vice presidential nominee, brought against The Ne… [+2431 chars]"
Daily Beast,Michael Wolff,Opinion: This Is Why I Am Releasing The Epstein-Trump Tapes: Michael Wolff,"Starting in the Summer of 2016 and then through the first year of the Trump administration, as I wrote my book Fire and Fury about the first months of the...",https://www.thedailybeast.com/this-i-why-i-am-releasing-the-jeffrey-epstein-donald-trump-tapes-author-michael-wolff/,2024,11,2,PM,"Starting in the Summer of 2016 and then through the first year of the Trump administration, as I wrote my book Fire and Fury about the first months of the Trump White House, I spoke periodically to T… [+2790 chars]"
Business Insider,"Lauren Edmonds,Kelsey Vlamis",Grimes says she was 'going bankrupt' during custody battle with Elon Musk,"Grimes spoke out about her custody battle with Elon Musk over their three children and said her ex became ""unrecognizable"" to her.",https://www.businessinsider.com/grimes-discusses-custody-battle-elon-musk-2024-11,2024,11,21,AM,"Elon Musk and Grimes attended the Met Gala in 2018.Theo Wargo/Getty Images
<ul><li>Grimes shared new details about her custody dispute with her former partner, Elon Musk.</li><li>Grimes wrote on X t… [+3726 chars]"
Business Insider,Tim Paradis,Government workers who want a new job amid Elon Musk's efficiency plans may have to tap the 'hidden job market',Government employees eyeing a shift to the private sector should consider networking and restrictions on working in their field amid Elon Musk plans.,https://www.businessinsider.com/government-workers-wanting-private-sector-jobs-advice-amid-musk-plans-2024-11,2024,11,19,PM,"Elon Musk (L), Vivek Ramaswamy (R)Slaven Vlasic, Justin Sullivan/Getty Images
<ul><li>With the threat of cutbacks, some government workers might look to shift to the private sector.</li><li>Career c… [+6003 chars]"
Nakedcapitalism.com,Lambert Strether,2:00PM Water Cooler 11/18/2024,"~ Today's Water Cooler: Politics, syndemics ~",https://www.nakedcapitalism.com/2024/11/200pm-water-cooler-11-18-2024.html,2024,11,18,PM,"By Lambert Strether of Corrente.
Bird Song of the Day
Northern Mockingbird, Cape Island – Crewe House, Cape May, New Jersey, United States. “Night-singing from a single perch in the neighbor’s hedg… [+19718 chars]"
NPR,Brittney Melton,"Trump wins a second term. And, Republicans reclaim Senate control","Former President Donald Trump has won a second presidential term. The GOP now controls the Senate, while control of the House remains too close to call. And, 10 states voted on reproductive rights.",https://www.npr.org/2024/11/06/g-s1-32961/up-first-newsletter-donald-trump-second-term-senate-gop-control-reproductive-rights,2024,11,6,PM,"Good morning. You're reading the Up First newsletter. Subscribe here to get it delivered to your inbox, and listen to the Up First podcast for all the news you need to start your day.
Today's top st… [+5449 chars]"
NPR,Ashley Lopez,Ballot measures to upend state election systems failed across the country,"Statewide efforts to adopt open and nonpartisan primaries, as well as ranked choice voting, failed in this year’s election, delivering a stinging setback to the election reform movement.",https://www.npr.org/2024/11/08/nx-s1-5183210/nonpartisan-primary-ranked-choice-voting-results,2024,11,8,PM,"Statewide efforts to adopt open and nonpartisan primaries, as well as ranked choice voting, failed in this years election, delivering a stinging setback to the election reform movement.
The measures… [+5099 chars]"
NPR,Brittney Melton,"Everything you need to know on Election Day. And, how to reduce political stress","It's Election Day and both presidential candidates have concluded their campaigns. Here's everything you need to know including how NPR calls the races. And, advice on reducing political stress.",https://www.npr.org/2024/11/05/g-s1-32386/up-first-newsletter-election-day-kamala-harris-donald-trump,2024,11,5,PM,"Good morning. You're reading the Up First newsletter. Subscribe here to get it delivered to your inbox, and listen to the Up First podcast for all the news you need to start your day.
Today's top st… [+4868 chars]"
Slate Magazine,Josh Levin,"I’m Hung Up on the Election—the 2000 Election, That Is",How do I move on?,https://slate.com/advice/2024/11/george-bush-election-trump-gore-terrorism-war-advice.html,2024,11,5,PM,"This is part of Wedge Issues, a pop-up advice column about politics, running through the election.
Dear Wedge Issues,
I am having trouble living with my rage. Yes, I have rage about the prospect of… [+7008 chars]"
Business Insider,"Joshua Nelken-Zitser,Kieran Corcoran","Russia hit Google with a fine so big it defies comprehension, exposing a legal system adrift","Russia's massive Google fine is huge, symbolic, and likely unenforceable, but it's part of an increasingly fractured global legal landscape.",https://www.businessinsider.com/russia-20-decillion-google-fine-shows-legal-system-adrift-2024-11,2024,11,4,PM,"Russia fined Google an astronomical amount — $20.6 decillion — over suspended YouTube accounts.Contributor/Getty Images
<ul><li>A Russian court issued Google a gargantuan fine — $20.6 decillion — fo… [+5140 chars]"
Business Insider,"Lloyd Lee,John L. Dorman",Kamala Harris' new lead in top Iowa poll could bode well for her in some key swing states,"A new Iowa poll shows Harris ahead of Trump by three points, a major shift in a state that has voted red in the past two presidential elections.",https://www.businessinsider.com/harris-trump-iowa-polling-lead-swing-states-2024-11,2024,11,3,PM,"A new Des Moines Register/Mediacom poll showed Vice President Kamala Harris with an advantage in GOP-leaning Iowa.ANGELA WEISS/AFP via Getty Images
<ul><li>A new Des Moines Register/Mediacom Iowa po… [+5338 chars]"
Business Insider,Bryan Metzger,The closing note of the 2024 campaign: How dare you?,"From an offensive joke about Puerto Rico, to a Biden gaffe, to Mark Cuban, both sides have tried to harness outrage in the election's final days.",https://www.businessinsider.com/election-trump-harris-outrage-garbage-mark-cuban-puerto-rico-2024-11,2024,11,1,PM,"From an offensive joke about Puerto Rico to garbage trucks to Mark Cuban, each campaign tried to harness outrage in the final week of the election.Chip Somodevilla/Getty Images
<ul><li>The final wee… [+5723 chars]"
Business Insider,"Ayelet Sheffey,Madison Hoff",Americans are probably getting another interest rate cut this week — just days after the election,"It's likely that the Federal Reserve will cut interest rates by a quarter point on Thursday, closing out a busy week after the election.",https://www.businessinsider.com/interest-rate-cuts-federal-reserve-election-jerome-powell-inflation-jobs-2024-11,2024,11,4,AM,"Getty Images; Jenny Chang-Rodriguez/BI
<ul><li>The Federal Reserve is expected to cut interest rates by 25 basis points on Thursday.</li><li>It follows a 50-basis-point rate cut in September — the f… [+4455 chars]"
Time,Ian Bremmer,Erdoğan Is Plotting His Next Power Grab,"The longtime Turkish strongman has his eye on rewriting the constitution to allow for another presidential term, writes Ian Bremmer.",https://time.com/7178560/erdogan-turkey-presidential-term/,2024,11,24,PM,"Recep Tayyip Erdoan is a political survivor. For more than 20 years, first as Turkeys Prime Minister and then as its President, he has weaved his way through the kinds of crises that end the careers … [+3684 chars]"
The Atlantic,Jennifer Senior,Focus on the Things That Matter,"How do we move forward, as a nation, without looking at strangers as potential enemies?",https://www.theatlantic.com/politics/archive/2024/11/election-forward-results-hindsight/680571/,2024,11,7,PM,"Although I came of age at a moment when politicians on both sides of the aisle were amenable to hearing each other’s ideas, we’re now at a juncture where each side seems more or less unpersuadable, u… [+7112 chars]"
Boredpanda.com,Hidrėlėy,"Politics, Climate Change, Today’s Society: 54 Bold Comics By Dennis Goris","Today's world can be harsh, but you are not alone. A lot of people might feel overwhelmed with all the information, and sometimes, to relieve that pressure, witnessing these topics through the lens of a comic might help.
The post Politics, Climate Change, Tod…",https://www.boredpanda.com/one-panel-comics-observation-of-our-world-dennis-goris-part-5/,2024,11,19,AM,"Today's world can be harsh; climate change, current political events, or injustice can make us feel helpless. But you are not alone. A lot of people might feel overwhelmed with all the information, a… [+580 chars]"
Polygon,Tasha Robinson,Heretic’s directors unpack its ambiguous ending,"The ending of Scott Beck and Bryan Woods’ horror movie Heretic comes as a surprise: It’s a silent, transcendent moment after a tense, dialogue-heavy story. (End spoilers ahead, as the headline suggests.) A seemingly benign man, Mr. Reed (Hugh Grant), traps tw…",https://www.polygon.com/horror/476433/heretic-ending-explained-by-directors,2024,11,8,PM,"The ending of Scott Beck and Bryan Woods’ horror movie Heretic comes as a surprise: It’s a silent, transcendent moment after a tense, dialogue-heavy story. (End spoilers ahead, as the headline sugges… [+6874 chars]"
Quartz India,William Gavin,"Trump taps RFK Jr. and Dr. Oz, Elon Musk's DOGE mandate, Walmart's tariff warning: Politics news roundup","Plus, Delta eyes a ""breath of fresh air"" with Trump, and SEC Chair Gensler plans his resignation",https://qz.com/donald-trump-elon-musk-rfk-jr-delta-walmart-dr-oz-doge-1851705348,2024,11,22,PM,"President-elect Donald Trump and his team have been busy.
A number of high-profile planned appointments including Howard Lutnick to oversee the Commerce Department and Medicare and Robert F. Kennedy… [+580 chars]"
Nakedcapitalism.com,Yves Smith,Is Realignment the Shape of US Politics to Come?,Trump and his loyalists intend to deliver major changes to US politics. But how realistic is that promise?,https://www.nakedcapitalism.com/2024/11/is-realignment-the-shape-of-us-politics-to-come.html,2024,11,15,AM,"Yves here. Tom Neuburger looks at the failed promise of Obama as a “change” president, and questions whether Trump will manage to deliver. Will US politics devolve to increasingly tired promises of m… [+11894 chars]"
Biztoc.com,tfcfinancial.com,The Perils of Mixing Politics With Investment,"January 20, 2017. Chief Justice John G. Roberts, Jr. has just administered the presidential oath of office to Donald Trump. Trump is now officially inaugurated as the 45th President of the United States. Eager to capitalize on the new administration’s energy …",https://biztoc.com/x/c63912dcfaab97d5,2024,11,5,AM,"January 20, 2017. Chief Justice John G. Roberts, Jr. has just administered the presidential oath of office to Donald Trump. Trump is now officially inaugurated as the 45th President of the United Sta… [+150 chars]"
Biztoc.com,reason.com,Bad Candidates Can't Fix Bad Politics,"We are officially in the last hours of the 2024 presidential election and the one thing we can say for sure is that most people are upset and miserable about their available options. 
Supermajorities of voters consistently say that the country is on the wrong…",https://biztoc.com/x/ad016f4797c897de,2024,11,5,PM,We are officially in the last hours of the 2024 presidential election and the one thing we can say for sure is that most people are upset and miserable about their available options. Supermajorities … [+142 chars]
Grist,Lylla Younes,A stormy Election Day in southwest Louisiana,"In Lake Charles, voters spoke to Grist how past hurricanes have influenced their politics.",http://grist.org/politics/a-stormy-election-day-in-southwest-louisiana/,2024,11,6,AM,"Election Day in Lake Charles, Louisiana began with heavy rain and tornado warnings. Belts of precipitation traveling up from the Gulf of Mexico hammered the city in the early morning hours, and let u… [+4859 chars]"
Deadline,Natalie Oganesyan,Denzel Washington On U.S. Politics: “You’re Being Manipulated By Both Sides”,"Denzel Washington expressed his disillusionment with U.S. politics, saying that the masses are “being manipulated” on both sides of the political aisle. “You know, it’s so easy to stand outside America and say this and that,” Washington told The Times of Lond…",http://deadline.com/2024/11/denzel-washington-politics-manipulation-both-sides-1236179747/,2024,11,18,AM,"Denzel Washington expressed his disillusionment with U.S. politics, saying that the masses are “being manipulated” on both sides of the political aisle.
“You know, it’s so easy to stand outside Amer… [+1297 chars]"
Digiday,Kristina Monllos,"Marketing execs believe deeper relationships, understanding influencers can avoid potential backlash in politics",Influencer marketing and agency execs believe marketers should instead zero in on understanding the influencers they work with and their audiences rather than totally bowing out during difficult moments.,http://digiday.com/marketing/marketing-execs-believe-deeper-relationships-understanding-influencers-can-avoid-potential-backlash-in-politics/,2024,11,4,AM,"Ahead of the upcoming presidential election, brands have pushed for influencers to be apolitical as well as planned dark periods where theyll pause influencer marketing campaigns. That will likely be… [+3630 chars]"
The New Yorker,Jay Caspian Kang,The Perils of the Good-Enough Candidate,"Despite Kamala Harris’s strong start, the race is now a tossup. Whatever happens, a sober reckoning with the limitations of her campaign is essential for Democrats going forward.",https://www.newyorker.com/news/fault-lines/the-perils-of-the-good-enough-candidate,2024,11,1,AM,"In four days, the coin will land, and half of the country will either exhale with relief or shudder in terror. I have no predictions for what will happen, nor do I have much of an idea about what wil… [+9025 chars]"
The Atlantic,Rogé Karma,The Strategist Who Predicted Trump’s Multiracial Coalition,Donald Trump made his biggest gains in diverse areas that have supported Democrats for decades. Why?,https://www.theatlantic.com/politics/archive/2024/11/trump-black-latino-voters-interview/680588/,2024,11,8,PM,"“For all his apparent divisiveness,” wrote the Republican pollster Patrick Ruffini, “Trump assembled the most diverse Republican presidential coalition in history and rode political trends that will … [+12901 chars]"
Forbes,"Chloe Iris Kennedy, Contributor, 
 Chloe Iris Kennedy, Contributor
 https://www.forbes.com/sites/chloeiriskennedy/",A Dress To The Nation: Fashion’s Impact On American Politics,“Fashion is Inherently Political” is a common truism loosely thrown around in the fashion space.,https://www.forbes.com/sites/chloeiriskennedy/2024/11/05/a-dress-to-the-nation-fashions-impact-on-american-politics/,2024,11,6,AM,"DOUGLAS, ARIZONA - SEPTEMBER 27: Democratic presidential nominee, U.S. Vice President Kamala Harris, ... [+] speaks during a campaign event at Cochise College Douglas Campus on September 27, 2024 in … [+12003 chars]"
NPR,Shannon Bond,What's behind defense secretary pick Hegseth's war on 'woke',The selection of Fox News host Pete Hegseth to lead the Trump Defense Department has renewed scrutiny of his political and religious views and his aggressive criticism of the military he would be leading.,https://www.npr.org/2024/11/14/nx-s1-5191941/pete-hegseth-defense-department-dei,2024,11,15,AM,"President-elect Donald Trump's choice of Pete Hegseth, a Fox News host and former National Guard soldier, for Secretary of Defense, is being met with disbelief and outrage among members of Congress a… [+12634 chars]"
Nakedcapitalism.com,Lambert Strether,2:00PM Water Cooler 11/5/2024,"~ Today's Water Cooler: Politics, Syndemics; Election 2024 roundup; Gram Parson's birthday; Welding ~",https://www.nakedcapitalism.com/2024/11/200pm-water-cooler-11-5-2024-2.html,2024,11,6,PM,"By Lambert Strether of Corrente.
Patient readers, brunch was quite something today, so please forgive any solecisms or infelicities. –lambert
Bird Song of the Day
Northern Mockingbird, The Celery … [+14410 chars]"
Thoughtcatalog.com,Sergio Pereira,Review: The Spicy ‘Dune: Prophecy’ Trades in the Sandworms for ‘Game of Thrones’ Politics,The first four episodes of Dune: Prophecy center around political motivations.,https://thoughtcatalog.com/sergio-pereira/2024/11/dune-prophecy-review/,2024,11,11,PM,"The first four episodes of Dune: Prophecy center around political motivations.
After Denis Villeneuves Dune films made over $1 billion, received critical and audience acclaim, and cleaned up at the … [+4655 chars]"
Scientific American,Josh Fischman,How to Calm Your Election Anxiety—Even After Polls Close,People are really stressed about the U.S. presidential election. A psychiatrist offers several self-help methods to reduce feelings of despair,https://www.scientificamerican.com/article/how-to-calm-your-election-anxiety-even-after-polls-close/,2024,11,1,PM,"Just about everybody is really worried about the U.S.’s Election Day, which is coming up on us fast. In a recent poll from the American Psychological Association, 72 percent of people said they were … [+7400 chars]"
The Intercept,The Intercept Briefing,Radical Action Under Trump,"In the face of a second Trump term, the left must cultivate a politics of everyday life that goes beyond voting, says columnist Natasha Lennard.
The post Radical Action Under Trump appeared first on The Intercept.",https://theintercept.com/2024/11/15/grassroots-organizing-trump-intercept-briefing-podcast/,2024,11,15,AM,"In the wake of President-elect Donald Trumps victory, Democrats and those on the left are grappling with what comes next.
On The Intercept Briefing podcast this week, columnist Natasha Lennard criti… [+1285 chars]"
Business Insider,"nmusumeci@businessinsider.com (Natalie Musumeci,Laura Italiano)",Trump still has 4 criminal indictments waiting for him — here's what happens if he wins or loses,"Not only is the presidency on the line for Donald Trump in the 2024 election, but so are the four criminal indictments against him.",https://www.businessinsider.com/donald-trump-election-criminal-cases-presidency-2024-11,2024,11,5,PM,"Not only is the presidency on the line for Donald Trump in the 2024 election, but so are his four criminal indictments.
Winning would largely free the former president for the foreseeable future fro… [+7399 chars]"
BBC News,,Australian senator censured for heckling King,"Lidia Thorpe has been rebuked by the Senate for yelling ""not my King"" during a protest last month.",https://www.bbc.com/news/articles/cz0memjm3jro,2024,11,18,AM,"Australian lawmakers have voted to censure an Aboriginal senator who heckled King Charles during his visit to Canberra last month, to express their ""profound disapproval"" of her protest.
Lidia Thorp… [+2507 chars]"
Quartz India,Madeline Fitzgerald,How the wealthiest families talk about money during the holidays,"If the old saying is to be believed, there are three things that you never discuss at a polite dinner table: religion, money, and politics. In recent years, however, this particular edict seems less and less relevant. Social media, polarization, and a general…",https://qz.com/thanksgiving-2024-holiday-wealthy-family-money-talks-1851696816,2024,11,17,AM,"In This Story
If the old saying is to be believed, there are three things that you never discuss at a polite dinner table: religion, money, and politics. In recent years, however, this particular ed… [+5489 chars]"
The Atlantic,The Editors,What Comes Next for the Democratic and Republican Parties,"“The party that [Trump] has remade in his image is not going to change overnight, no matter what happens next week.”",https://www.theatlantic.com/national/archive/2024/11/what-comes-next-election-washington-week/680507/,2024,11,2,PM,"Editor’s Note: Washington Week With The Atlantic is a partnership between NewsHour Productions, WETA, and The Atlantic airing every Friday on PBS stations nationwide. Check your local listings or wat… [+2279 chars]"
